{
    "ax_calib": [ 0.00143437, -0.05403737, 0.38982034 ],
    "ay_calib": [ 0.00008942, -0.01162576, 0.16458080 ],
    "az_calib": [ 0.00107945, -0.03741683, 0.09918926 ],
    "mag_affine": [ 0.0188858130, 0.0004292972, -0.0007239565, -0.7764590971,
                    0.0015074554, 0.0186494739, -0.0034221953, 0.1572258824,
                    0.0003912382, -0.0008331876, 0.0051209692, 0.7139571187,
                    0.0000000000, 0.0000000000, 0.0000000000, 1.0000000000 ],
    "max_temp_C": 36.3,
    "min_temp_C": 1.5
}
