{
    "accel_fit_mean": 0.31017162163755374,
    "accel_fit_std": 0.1159083045662882,
    "accel_scale": [
        "0.999084051693",
        "1.00541386646",
        "0.992582464255"
    ],
    "accel_translate": [
        "-0.247014671685",
        "-0.0310040649204",
        "-0.231344024028"
    ],
    "ax_calib": [
        0.00143437,
        -0.05403737,
        0.38982034
    ],
    "ay_calib": [
        8.942e-05,
        -0.01162576,
        0.1645808
    ],
    "az_calib": [
        0.00107945,
        -0.03741683,
        0.09918926
    ],
    "mag_affine": [
        0.018885813,
        0.0004292972,
        -0.0007239565,
        -0.7764590971,
        0.0015074554,
        0.0186494739,
        -0.0034221953,
        0.1572258824,
        0.0003912382,
        -0.0008331876,
        0.0051209692,
        0.7139571187,
        0.0,
        0.0,
        0.0,
        1.0
    ],
    "max_temp_C": 36.3,
    "min_temp_C": 1.5,
    "strapdown": [
        "0.012489872425",
        "0.999211576399",
        "0.03768592146",
        "-0.999364612841",
        "0.0112158047695",
        "0.0338315876788",
        "0.033382236119",
        "-0.0380845285235",
        "0.998716774165"
    ]
}