{
    "accel_scale": [
        0.999454677237,
        1.00023040981,
        0.987041097299
    ],
    "accel_translate": [
        0.199180804374,
        -0.191677184977,
        -0.15048324308
    ],
    "fit_mean": 0.16236972057861138,
    "fit_std": 0.05328017897193096,
    "mag_affine": [
         0.0184524858, -0.000932091,  0.0106400206, 0.2242151814,
        -0.0041186578,  0.0183008449, 0.0018052738, 0.0556576703,
         0.0004640211,  0.0006376912, 0.0010084868, 0.9490642485,
	 0.0,           0.0,          0.0,          1.0
    ],
    "strapdown": [
        -0.00129819955693,
        -0.999769851418,
        -0.0214139877878,
        0.999700854637,
        -0.000774505537757,
        -0.0244458867417,
        0.0244236753035,
        -0.021439317532,
        0.999471780366
    ]
}
