{
    "accel_scale": [
        0.999454677237,
        1.00023040981,
        0.987041097299
    ],
    "accel_translate": [
        0.199180804374,
        -0.191677184977,
        -0.15048324308
    ],
    "fit_mean": 0.16236972057861138,
    "fit_std": 0.05328017897193096,
    "mag_affine": [
	    0.01834094,  -0.001785252,  0.0104973832, 0.1682339739,
	   -0.00470276,   0.0183969092, 0.0019897849, 0.0545740354,
	    0.0008138109, 0.0006726428, 0.0012842812, 0.9511292481,
	    0.0,          0.0,          0.0,          1.0
    ],
    "strapdown": [
        -0.00129819955693,
        -0.999769851418,
        -0.0214139877878,
        0.999700854637,
        -0.000774505537757,
        -0.0244458867417,
        0.0244236753035,
        -0.021439317532,
        0.999471780366
    ]
}
