{
    "calibration": {
        "accel_scale": [
            "0.999454677237",
            "1.00023040981",
            "0.987041097299"
        ],
        "accel_translate": [
            "0.199180804374",
            "-0.191677184977",
            "-0.15048324308"
        ],
        "fit_mean": 0.16236972057861138,
        "fit_std": 0.05328017897193096,
        "strapdown": [
            "-0.00129819955693",
            "-0.999769851418",
            "-0.0214139877878",
            "0.999700854637",
            "-0.000774505537757",
            "-0.0244458867417",
            "0.0244236753035",
            "-0.021439317532",
            "0.999471780366"
        ]
    }
}